participant	trial_id	bloc	bloc_name	trial_id_withinbloc	trial_file_id	order	dwell	practice	diff_global	diff_crowding	diff_innercrowding	diff_deformation	diff_deformation_sum	global	crowding	innercrowding	deformation	deformation_sum	trial_start	trial_end	task_start	task_end	highlight_start	highlight_end	animation_start	animation_end	answer_start	answer_end	target_0	target_1	target_2	answer_0	answer_1	answer_2	error_0	error_1	error_2	error	error_asifA	normalized_error	normalized_error_asifA	common_targets	common_targets_percent	all_common_targets	correct_targets	correct_targets_percent	all_correct_targets	targets_switch	targets_switch_percent	any_targets_switch
p13	0	0	off	0	0	INIT	0.0	true	H	H	M	M	M	0.7570	0.7177	6.9640	0.0244	1.4622	2014-03-25 13:03:08.463	2014-03-25 13:03:28.728	2014-03-25 13:03:10.257	2014-03-25 13:03:28.618	2014-03-25 13:03:10.257	2014-03-25 13:03:14.532	2014-03-25 13:03:17.433	2014-03-25 13:03:19.305	2014-03-25 13:03:19.305	2014-03-25 13:03:28.618	7	8	26	7	8	26	0.0000	0.0000	0.0000	0.0000	0.0000	0.0000	0.0000	3	1.0000	1	3	1.0000	1	0	0.0000	0
p13	1	0	off	1	1	INIT	0.0	true	M	H	E	M	M	0.7342	0.6234	3.4518	0.0169	1.0115	2014-03-25 13:03:30.787	2014-03-25 13:03:48.82	2014-03-25 13:03:35.046	2014-03-25 13:03:48.352	2014-03-25 13:03:35.046	2014-03-25 13:03:38.212	2014-03-25 13:03:41.332	2014-03-25 13:03:43.204	2014-03-25 13:03:43.204	2014-03-25 13:03:48.352	0	11	12	0	11	12	0.0000	0.0000	0.0000	0.0000	0.0000	0.0000	0.0000	3	1.0000	1	3	1.0000	1	0	0.0000	0
p13	2	0	off	2	2	INIT	0.0	true	H	H	M	M	M	0.7764	0.6506	6.3965	0.0113	0.6799	2014-03-25 13:03:50.88	2014-03-25 13:04:05.918	2014-03-25 13:03:51.8	2014-03-25 13:04:05.388	2014-03-25 13:03:51.8	2014-03-25 13:03:55.17	2014-03-25 13:03:55.918	2014-03-25 13:03:57.775	2014-03-25 13:03:57.775	2014-03-25 13:04:05.388	5	13	28	5	13	28	0.0000	0.0000	0.0000	0.0000	0.0000	0.0000	0.0000	3	1.0000	1	3	1.0000	1	0	0.0000	0
p13	3	0	off	3	3	INIT	0.0	true	H	H	M	M	M	0.7784	0.7074	8.3853	0.0160	0.9620	2014-03-25 13:04:07.962	2014-03-25 13:04:22.376	2014-03-25 13:04:08.398	2014-03-25 13:04:21.471	2014-03-25 13:04:08.398	2014-03-25 13:04:12.782	2014-03-25 13:04:13.203	2014-03-25 13:04:15.075	2014-03-25 13:04:15.075	2014-03-25 13:04:21.471	0	3	13	0	3	13	0.0000	0.0000	0.0000	0.0000	0.0000	0.0000	0.0000	3	1.0000	1	3	1.0000	1	0	0.0000	0
p13	4	1	on1	0	0	YORDER	0.2	true	M	M	M	M	M	0.6441	0.6037	6.7516	0.0232	1.3904	2014-03-25 13:04:39.723	2014-03-25 13:04:59.426	2014-03-25 13:04:46.229	2014-03-25 13:04:58.896	2014-03-25 13:04:46.229	2014-03-25 13:04:50.55	2014-03-25 13:04:51.08	2014-03-25 13:04:52.952	2014-03-25 13:04:52.952	2014-03-25 13:04:58.896	7	8	26	7	8	26	0.0000	0.0000	0.0000	0.0000	0.0000	0.0000	0.0000	3	1.0000	1	3	1.0000	1	0	0.0000	0
p13	5	1	on1	1	1	YORDER	0.2	true	M	M	E	M	M	0.7000	0.5211	3.2820	0.0160	0.9627	2014-03-25 13:05:01.47	2014-03-25 13:05:14.667	2014-03-25 13:05:02.905	2014-03-25 13:05:14.168	2014-03-25 13:05:02.905	2014-03-25 13:05:07.788	2014-03-25 13:05:08.256	2014-03-25 13:05:10.128	2014-03-25 13:05:10.128	2014-03-25 13:05:14.168	0	11	12	0	11	12	0.0000	0.0000	0.0000	0.0000	0.0000	0.0000	0.0000	3	1.0000	1	3	1.0000	1	0	0.0000	0
p13	6	1	on1	2	2	YORDER	0.2	true	M	M	M	E	E	0.6970	0.5526	6.0365	0.0100	0.6010	2014-03-25 13:05:16.727	2014-03-25 13:05:31.968	2014-03-25 13:05:17.413	2014-03-25 13:05:31.359	2014-03-25 13:05:17.413	2014-03-25 13:05:21.297	2014-03-25 13:05:21.719	2014-03-25 13:05:23.591	2014-03-25 13:05:23.591	2014-03-25 13:05:31.359	5	13	28	5	13	28	0.0000	0.0000	0.0000	0.0000	0.0000	0.0000	0.0000	3	1.0000	1	3	1.0000	1	0	0.0000	0
p13	7	1	on1	3	3	YORDER	0.2	true	M	H	M	M	M	0.6515	0.6111	8.0479	0.0154	0.9263	2014-03-25 13:05:34.027	2014-03-25 13:05:49.705	2014-03-25 13:05:35.353	2014-03-25 13:05:48.395	2014-03-25 13:05:35.353	2014-03-25 13:05:39.237	2014-03-25 13:05:39.549	2014-03-25 13:05:41.421	2014-03-25 13:05:41.421	2014-03-25 13:05:48.395	0	3	13	7	3	13	0.1398	0.0000	0.0000	0.0466	0.0466	0.0913	0.0913	2	0.6667	0	2	0.6667	0	0	0.0000	0
p13	8	2	on2	0	0	YORDER	0.6	true	M	M	M	M	M	0.6797	0.4913	4.5999	0.0190	1.1376	2014-03-25 13:05:58.909	2014-03-25 13:06:21.342	2014-03-25 13:06:06.74	2014-03-25 13:06:19.938	2014-03-25 13:06:06.74	2014-03-25 13:06:11.763	2014-03-25 13:06:11.951	2014-03-25 13:06:13.823	2014-03-25 13:06:13.823	2014-03-25 13:06:19.938	20	22	28	20	21	28	0.0000	0.3077	0.0000	0.1026	0.1026	0.1910	0.1910	2	0.6667	0	2	0.6667	0	0	0.0000	0
p13	9	2	on2	1	1	YORDER	0.6	true	M	M	M	H	H	0.6835	0.5072	4.8063	0.0331	1.9875	2014-03-25 13:06:23.401	2014-03-25 13:06:36.209	2014-03-25 13:06:24.041	2014-03-25 13:06:34.898	2014-03-25 13:06:24.041	2014-03-25 13:06:29.064	2014-03-25 13:06:29.22	2014-03-25 13:06:31.092	2014-03-25 13:06:31.092	2014-03-25 13:06:34.898	9	13	27	4	13	27	0.6167	0.0000	0.0000	0.2056	0.2056	0.3993	0.3993	2	0.6667	0	2	0.6667	0	0	0.0000	0
p13	10	2	on2	2	2	YORDER	0.6	true	M	M	M	M	M	0.6329	0.4711	7.2689	0.0249	1.4952	2014-03-25 13:06:38.268	2014-03-25 13:06:53.572	2014-03-25 13:06:39.532	2014-03-25 13:06:51.419	2014-03-25 13:06:39.532	2014-03-25 13:06:43.244	2014-03-25 13:06:44.18	2014-03-25 13:06:46.052	2014-03-25 13:06:46.052	2014-03-25 13:06:51.419	20	27	28	20	27	28	0.0000	0.6590	0.6590	0.4394	0.0000	0.8551	0.0000	3	1.0000	1	1	0.3333	0	2	0.6667	1
p13	11	2	on2	3	3	YORDER	0.6	true	E	E	M	M	M	0.5973	0.4256	4.8502	0.0211	1.2657	2014-03-25 13:06:55.646	2014-03-25 13:07:07.939	2014-03-25 13:06:56.738	2014-03-25 13:07:07.487	2014-03-25 13:06:56.738	2014-03-25 13:07:00.436	2014-03-25 13:07:00.779	2014-03-25 13:07:02.651	2014-03-25 13:07:02.651	2014-03-25 13:07:07.487	6	7	21	6	7	21	0.0000	0.0000	0.0000	0.0000	0.0000	0.0000	0.0000	3	1.0000	1	3	1.0000	1	0	0.0000	0
p13	12	3	on3	0	0	MINCROWDING	0.2	true	E	M	M	M	M	0.5809	0.5521	5.2637	0.0224	1.3444	2014-03-25 13:07:15.708	2014-03-25 13:07:31.121	2014-03-25 13:07:17.003	2014-03-25 13:07:30.668	2014-03-25 13:07:17.003	2014-03-25 13:07:23.009	2014-03-25 13:07:23.68	2014-03-25 13:07:25.552	2014-03-25 13:07:25.552	2014-03-25 13:07:30.668	5	12	23	5	12	23	0.0000	0.0000	0.0000	0.0000	0.0000	0.0000	0.0000	3	1.0000	1	3	1.0000	1	0	0.0000	0
p13	13	3	on3	1	1	MINCROWDING	0.2	true	E	M	M	M	M	0.6215	0.4980	7.1775	0.0253	1.5193	2014-03-25 13:07:36.113	2014-03-25 13:07:55.348	2014-03-25 13:07:42.368	2014-03-25 13:07:54.942	2014-03-25 13:07:42.368	2014-03-25 13:07:46.315	2014-03-25 13:07:46.69	2014-03-25 13:07:48.562	2014-03-25 13:07:48.562	2014-03-25 13:07:54.942	3	7	21	3	7	21	0.0000	0.0000	0.0000	0.0000	0.0000	0.0000	0.0000	3	1.0000	1	3	1.0000	1	0	0.0000	0
p13	14	3	on3	2	2	MINCROWDING	0.2	true	E	E	E	M	M	0.5397	0.4261	2.3951	0.0142	0.8527	2014-03-25 13:08:00.667	2014-03-25 13:08:14.208	2014-03-25 13:08:01.432	2014-03-25 13:08:13.6	2014-03-25 13:08:01.432	2014-03-25 13:08:05.519	2014-03-25 13:08:05.878	2014-03-25 13:08:07.75	2014-03-25 13:08:07.75	2014-03-25 13:08:13.6	8	9	26	8	9	26	0.0000	0.0000	0.0000	0.0000	0.0000	0.0000	0.0000	3	1.0000	1	3	1.0000	1	0	0.0000	0
p13	15	3	on3	3	3	MINCROWDING	0.2	true	E	M	M	H	H	0.5810	0.5337	6.3245	0.0292	1.7509	2014-03-25 13:08:19.2	2014-03-25 13:08:30.651	2014-03-25 13:08:19.902	2014-03-25 13:08:30.276	2014-03-25 13:08:19.902	2014-03-25 13:08:23.677	2014-03-25 13:08:23.849	2014-03-25 13:08:25.721	2014-03-25 13:08:25.721	2014-03-25 13:08:30.276	4	5	28	4	5	28	0.0000	0.0000	0.0000	0.0000	0.0000	0.0000	0.0000	3	1.0000	1	3	1.0000	1	0	0.0000	0
p13	16	4	on4	0	0	MINCROWDING	0.6	true	E	E	M	M	M	0.5598	0.4665	7.4230	0.0216	1.2975	2014-03-25 13:08:47.343	2014-03-25 13:09:04.487	2014-03-25 13:08:50.385	2014-03-25 13:09:02.35	2014-03-25 13:08:50.385	2014-03-25 13:08:54.799	2014-03-25 13:08:55.236	2014-03-25 13:08:57.108	2014-03-25 13:08:57.108	2014-03-25 13:09:02.35	7	10	12	7	1	12	0.0000	0.5509	0.0000	0.1836	0.1836	0.3696	0.3696	2	0.6667	0	2	0.6667	0	0	0.0000	0
p13	17	4	on4	1	1	MINCROWDING	0.6	true	E	M	M	M	M	0.6207	0.4797	6.2087	0.0123	0.7367	2014-03-25 13:09:10.259	2014-03-25 13:09:22.193	2014-03-25 13:09:11.242	2014-03-25 13:09:21.725	2014-03-25 13:09:11.242	2014-03-25 13:09:14.923	2014-03-25 13:09:15.485	2014-03-25 13:09:17.357	2014-03-25 13:09:17.357	2014-03-25 13:09:21.725	1	4	18	1	4	18	0.0000	0.0000	0.0000	0.0000	0.0000	0.0000	0.0000	3	1.0000	1	3	1.0000	1	0	0.0000	0
p13	18	4	on4	2	2	MINCROWDING	0.6	true	E	M	M	H	H	0.5753	0.5359	4.2108	0.0329	1.9715	2014-03-25 13:09:27.747	2014-03-25 13:09:43.159	2014-03-25 13:09:28.277	2014-03-25 13:09:41.88	2014-03-25 13:09:28.277	2014-03-25 13:09:32.52	2014-03-25 13:09:33.16	2014-03-25 13:09:35.032	2014-03-25 13:09:35.032	2014-03-25 13:09:41.88	17	18	27	2	18	27	0.0801	0.0000	0.0000	0.0267	0.0267	0.0465	0.0465	2	0.6667	0	2	0.6667	0	0	0.0000	0
p13	19	4	on4	3	3	MINCROWDING	0.6	true	E	E	M	H	H	0.5590	0.4348	5.3003	0.0300	1.7973	2014-03-25 13:09:48.697	2014-03-25 13:10:03.611	2014-03-25 13:09:49.181	2014-03-25 13:10:03.049	2014-03-25 13:09:49.181	2014-03-25 13:09:54.423	2014-03-25 13:09:56.185	2014-03-25 13:09:58.057	2014-03-25 13:09:58.057	2014-03-25 13:10:03.049	4	16	19	4	16	19	0.0000	0.0000	0.0000	0.0000	0.0000	0.0000	0.0000	3	1.0000	1	3	1.0000	1	0	0.0000	0
p13	25	5	off2	0	0	INIT	0.0	false	M	H	M	H	H	0.7238	0.7103	4.0107	0.0304	1.8266	2014-03-25 13:10:23.33	2014-03-25 13:10:39.304	2014-03-25 13:10:25.701	2014-03-25 13:10:37.401	2014-03-25 13:10:25.701	2014-03-25 13:10:29.039	2014-03-25 13:10:29.85	2014-03-25 13:10:31.722	2014-03-25 13:10:31.722	2014-03-25 13:10:37.401	4	17	27	4	17	27	0.3101	0.2468	0.0811	0.2127	0.0000	0.4582	0.0000	3	1.0000	1	0	0.0000	0	3	1.0000	1
p13	26	5	off2	1	1	INIT	0.0	false	M	H	M	M	M	0.7136	0.6323	6.8326	0.0117	0.6997	2014-03-25 13:10:41.348	2014-03-25 13:10:57.447	2014-03-25 13:10:41.925	2014-03-25 13:10:56.526	2014-03-25 13:10:41.925	2014-03-25 13:10:46.199	2014-03-25 13:10:48.102	2014-03-25 13:10:49.974	2014-03-25 13:10:49.974	2014-03-25 13:10:56.526	11	24	28	11	24	28	0.0000	0.1251	0.1251	0.0834	0.0000	0.1442	0.0000	3	1.0000	1	1	0.3333	0	2	0.6667	1
p13	27	5	off2	2	2	INIT	0.0	false	H	H	E	M	M	0.7426	0.6703	3.5878	0.0120	0.7170	2014-03-25 13:10:59.49	2014-03-25 13:11:13.031	2014-03-25 13:11:00.114	2014-03-25 13:11:12.61	2014-03-25 13:11:00.114	2014-03-25 13:11:03.546	2014-03-25 13:11:04.514	2014-03-25 13:11:06.386	2014-03-25 13:11:06.386	2014-03-25 13:11:12.61	7	13	20	7	13	20	0.0000	0.0000	0.0000	0.0000	0.0000	0.0000	0.0000	3	1.0000	1	3	1.0000	1	0	0.0000	0
p13	28	5	off2	3	3	INIT	0.0	false	M	H	M	H	H	0.7304	0.6612	6.6004	0.0359	2.1557	2014-03-25 13:11:15.075	2014-03-25 13:11:30.269	2014-03-25 13:11:15.2	2014-03-25 13:11:29.505	2014-03-25 13:11:15.2	2014-03-25 13:11:19.911	2014-03-25 13:11:20.441	2014-03-25 13:11:22.313	2014-03-25 13:11:22.313	2014-03-25 13:11:29.505	2	16	25	2	16	25	0.0000	0.0000	0.0000	0.0000	0.0000	0.0000	0.0000	3	1.0000	1	3	1.0000	1	0	0.0000	0
p13	29	5	off2	4	4	INIT	0.0	false	M	M	M	M	M	0.6575	0.5872	4.8744	0.0126	0.7579	2014-03-25 13:11:32.313	2014-03-25 13:11:50.3	2014-03-25 13:11:37.913	2014-03-25 13:11:49.644	2014-03-25 13:11:37.913	2014-03-25 13:11:42.188	2014-03-25 13:11:42.78	2014-03-25 13:11:44.652	2014-03-25 13:11:44.652	2014-03-25 13:11:49.644	0	5	14	0	5	14	0.1201	0.0000	0.1201	0.0801	0.0000	0.1296	0.0000	3	1.0000	1	1	0.3333	0	2	0.6667	1
p13	30	6	off3	0	0	INIT	0.0	false	M	H	M	M	M	0.7342	0.7091	8.9159	0.0252	1.5142	2014-03-25 13:11:59.535	2014-03-25 13:12:16.445	2014-03-25 13:12:01.266	2014-03-25 13:12:15.525	2014-03-25 13:12:01.266	2014-03-25 13:12:08.536	2014-03-25 13:12:09.301	2014-03-25 13:12:11.173	2014-03-25 13:12:11.173	2014-03-25 13:12:15.525	1	24	25	1	3	25	0.0000	0.3818	0.0000	0.1273	0.1273	0.2521	0.2521	2	0.6667	0	2	0.6667	0	0	0.0000	0
p13	31	6	off3	1	1	INIT	0.0	false	H	H	M	M	M	0.7805	0.6702	6.1802	0.0221	1.3279	2014-03-25 13:12:18.505	2014-03-25 13:12:37.739	2014-03-25 13:12:18.926	2014-03-25 13:12:35.618	2014-03-25 13:12:18.926	2014-03-25 13:12:22.311	2014-03-25 13:12:22.639	2014-03-25 13:12:24.511	2014-03-25 13:12:24.511	2014-03-25 13:12:35.618	17	23	24	12	23	24	0.4426	0.0000	0.0000	0.1475	0.1475	0.3142	0.3142	2	0.6667	0	2	0.6667	0	0	0.0000	0
p13	32	6	off3	2	2	INIT	0.0	false	M	H	M	M	M	0.7024	0.7544	6.8823	0.0234	1.4050	2014-03-25 13:12:39.814	2014-03-25 13:12:58.019	2014-03-25 13:12:40.235	2014-03-25 13:12:56.896	2014-03-25 13:12:40.235	2014-03-25 13:12:48.488	2014-03-25 13:12:49.346	2014-03-25 13:12:51.218	2014-03-25 13:12:51.218	2014-03-25 13:12:56.896	8	17	23	5	25	23	0.1036	0.0809	0.0000	0.0615	0.0615	0.1177	0.1177	1	0.3333	0	1	0.3333	0	0	0.0000	0
p13	33	6	off3	3	3	INIT	0.0	false	M	H	M	M	M	0.7186	0.7046	4.5414	0.0185	1.1100	2014-03-25 13:13:00.079	2014-03-25 13:13:15.335	2014-03-25 13:13:00.703	2014-03-25 13:13:14.493	2014-03-25 13:13:00.703	2014-03-25 13:13:05.476	2014-03-25 13:13:06.241	2014-03-25 13:13:08.113	2014-03-25 13:13:08.113	2014-03-25 13:13:14.493	8	18	28	8	18	4	0.1640	0.1640	0.0919	0.1399	0.0306	0.2361	0.0517	2	0.6667	0	0	0.0000	0	2	0.6667	1
p13	34	6	off3	4	4	INIT	0.0	false	M	M	M	M	M	0.6444	0.6083	6.2280	0.0148	0.8873	2014-03-25 13:13:17.395	2014-03-25 13:13:31.154	2014-03-25 13:13:18.611	2014-03-25 13:13:30.499	2014-03-25 13:13:18.611	2014-03-25 13:13:23.213	2014-03-25 13:13:23.9	2014-03-25 13:13:25.772	2014-03-25 13:13:25.772	2014-03-25 13:13:30.499	5	14	22	5	14	22	0.0000	0.0000	0.0000	0.0000	0.0000	0.0000	0.0000	3	1.0000	1	3	1.0000	1	0	0.0000	0
p13	35	7	off6	0	0	INIT	0.0	false	M	H	M	M	M	0.7316	0.7587	4.2543	0.0158	0.9503	2014-03-25 13:13:42.261	2014-03-25 13:14:07.128	2014-03-25 13:13:43.727	2014-03-25 13:14:06.426	2014-03-25 13:13:43.727	2014-03-25 13:13:53.228	2014-03-25 13:13:53.68	2014-03-25 13:13:55.552	2014-03-25 13:13:55.552	2014-03-25 13:14:06.426	18	25	28	18	25	28	0.0000	0.0000	0.0000	0.0000	0.0000	0.0000	0.0000	3	1.0000	1	3	1.0000	1	0	0.0000	0
p13	36	7	off6	1	1	INIT	0.0	false	M	H	M	M	M	0.7153	0.6799	8.1391	0.0261	1.5674	2014-03-25 13:14:09.187	2014-03-25 13:14:24.412	2014-03-25 13:14:09.951	2014-03-25 13:14:23.96	2014-03-25 13:14:09.951	2014-03-25 13:14:16.035	2014-03-25 13:14:16.644	2014-03-25 13:14:18.531	2014-03-25 13:14:18.531	2014-03-25 13:14:23.96	20	23	26	20	23	26	0.0000	0.0000	0.0000	0.0000	0.0000	0.0000	0.0000	3	1.0000	1	3	1.0000	1	0	0.0000	0
p13	37	7	off6	2	2	INIT	0.0	false	M	H	M	M	M	0.7227	0.7036	7.4674	0.0175	1.0476	2014-03-25 13:14:26.472	2014-03-25 13:14:41.838	2014-03-25 13:14:27.408	2014-03-25 13:14:41.229	2014-03-25 13:14:27.408	2014-03-25 13:14:33.258	2014-03-25 13:14:33.975	2014-03-25 13:14:35.847	2014-03-25 13:14:35.847	2014-03-25 13:14:41.229	10	19	25	10	19	25	0.0000	0.0000	0.0000	0.0000	0.0000	0.0000	0.0000	3	1.0000	1	3	1.0000	1	0	0.0000	0
p13	38	7	off6	3	3	INIT	0.0	false	H	H	M	M	M	0.7447	0.6960	5.1511	0.0271	1.6263	2014-03-25 13:14:43.881	2014-03-25 13:14:57.921	2014-03-25 13:14:44.474	2014-03-25 13:14:57.297	2014-03-25 13:14:44.474	2014-03-25 13:14:49.357	2014-03-25 13:14:50.386	2014-03-25 13:14:52.258	2014-03-25 13:14:52.258	2014-03-25 13:14:57.297	3	25	29	3	25	29	0.0000	0.0000	0.0000	0.0000	0.0000	0.0000	0.0000	3	1.0000	1	3	1.0000	1	0	0.0000	0
p13	39	7	off6	4	4	INIT	0.0	false	M	H	M	M	M	0.7130	0.6457	7.8988	0.0253	1.5179	2014-03-25 13:14:59.98	2014-03-25 13:15:15.237	2014-03-25 13:15:00.558	2014-03-25 13:15:13.849	2014-03-25 13:15:00.558	2014-03-25 13:15:04.567	2014-03-25 13:15:05.191	2014-03-25 13:15:07.063	2014-03-25 13:15:07.063	2014-03-25 13:15:13.849	13	17	19	13	17	24	0.0000	0.0000	0.2132	0.0711	0.0711	0.1218	0.1218	2	0.6667	0	2	0.6667	0	0	0.0000	0
p13	40	8	off4	0	0	INIT	0.0	false	H	H	H	M	M	0.7580	0.7483	9.4845	0.0270	1.6192	2014-03-25 13:15:24.114	2014-03-25 13:15:45.064	2014-03-25 13:15:25.346	2014-03-25 13:15:43.317	2014-03-25 13:15:25.346	2014-03-25 13:15:32.85	2014-03-25 13:15:33.63	2014-03-25 13:15:35.502	2014-03-25 13:15:35.502	2014-03-25 13:15:43.317	6	13	24	2	5	24	0.1493	0.1431	0.0000	0.0975	0.0975	0.1762	0.1762	1	0.3333	0	1	0.3333	0	0	0.0000	0
p13	41	8	off4	1	1	INIT	0.0	false	M	H	M	M	M	0.7130	0.7030	4.6350	0.0175	1.0510	2014-03-25 13:15:47.124	2014-03-25 13:15:58.98	2014-03-25 13:15:47.529	2014-03-25 13:15:57.295	2014-03-25 13:15:47.529	2014-03-25 13:15:50.696	2014-03-25 13:15:51.211	2014-03-25 13:15:53.083	2014-03-25 13:15:53.083	2014-03-25 13:15:57.295	15	19	27	24	19	27	0.1382	0.3228	0.3228	0.2613	0.0461	0.5271	0.0929	2	0.6667	0	0	0.0000	0	2	0.6667	1
p13	42	8	off4	2	2	INIT	0.0	false	M	H	M	M	M	0.7180	0.6970	5.4609	0.0272	1.6293	2014-03-25 13:16:01.039	2014-03-25 13:16:17.856	2014-03-25 13:16:02.084	2014-03-25 13:16:16.764	2014-03-25 13:16:02.084	2014-03-25 13:16:08.792	2014-03-25 13:16:09.182	2014-03-25 13:16:11.054	2014-03-25 13:16:11.054	2014-03-25 13:16:16.764	1	13	16	1	13	16	0.3947	0.0000	0.3947	0.2631	0.0000	0.4636	0.0000	3	1.0000	1	1	0.3333	0	2	0.6667	1
p13	43	8	off4	3	3	INIT	0.0	false	M	H	E	H	H	0.7203	0.7100	3.8492	0.0293	1.7584	2014-03-25 13:16:19.915	2014-03-25 13:16:34.657	2014-03-25 13:16:20.352	2014-03-25 13:16:34.049	2014-03-25 13:16:20.352	2014-03-25 13:16:26.607	2014-03-25 13:16:26.997	2014-03-25 13:16:28.869	2014-03-25 13:16:28.869	2014-03-25 13:16:34.049	7	12	21	7	12	21	0.0000	0.0000	0.0000	0.0000	0.0000	0.0000	0.0000	3	1.0000	1	3	1.0000	1	0	0.0000	0
p13	44	8	off4	4	4	INIT	0.0	false	M	H	M	H	H	0.7234	0.7365	4.9607	0.0323	1.9399	2014-03-25 13:16:36.701	2014-03-25 13:16:51.599	2014-03-25 13:16:37.215	2014-03-25 13:16:51.162	2014-03-25 13:16:37.215	2014-03-25 13:16:43.752	2014-03-25 13:16:44.438	2014-03-25 13:16:46.31	2014-03-25 13:16:46.31	2014-03-25 13:16:51.162	1	13	27	1	13	27	0.0000	0.0000	0.0000	0.0000	0.0000	0.0000	0.0000	3	1.0000	1	3	1.0000	1	0	0.0000	0
p13	45	9	off1	0	0	INIT	0.0	false	H	H	M	M	M	0.7536	0.6604	4.1928	0.0127	0.7605	2014-03-25 13:17:01.458	2014-03-25 13:17:19.569	2014-03-25 13:17:02.69	2014-03-25 13:17:19.133	2014-03-25 13:17:02.69	2014-03-25 13:17:09.055	2014-03-25 13:17:11.629	2014-03-25 13:17:13.501	2014-03-25 13:17:13.501	2014-03-25 13:17:19.133	1	5	21	1	5	21	0.0000	0.0000	0.0000	0.0000	0.0000	0.0000	0.0000	3	1.0000	1	3	1.0000	1	0	0.0000	0
p13	46	9	off1	1	1	INIT	0.0	false	M	M	M	M	M	0.7211	0.5870	6.0863	0.0252	1.5124	2014-03-25 13:17:21.613	2014-03-25 13:17:39.662	2014-03-25 13:17:22.892	2014-03-25 13:17:39.179	2014-03-25 13:17:22.892	2014-03-25 13:17:32.096	2014-03-25 13:17:32.455	2014-03-25 13:17:34.327	2014-03-25 13:17:34.327	2014-03-25 13:17:39.179	11	19	22	11	19	22	0.0000	0.0000	0.0000	0.0000	0.0000	0.0000	0.0000	3	1.0000	1	3	1.0000	1	0	0.0000	0
p13	47	9	off1	2	2	INIT	0.0	false	H	H	M	H	H	0.7677	0.6332	6.0732	0.0310	1.8620	2014-03-25 13:17:41.706	2014-03-25 13:17:54.061	2014-03-25 13:17:42.205	2014-03-25 13:17:53.468	2014-03-25 13:17:42.205	2014-03-25 13:17:45.122	2014-03-25 13:17:45.372	2014-03-25 13:17:47.244	2014-03-25 13:17:47.244	2014-03-25 13:17:53.468	4	8	23	4	8	23	0.0000	0.0000	0.0000	0.0000	0.0000	0.0000	0.0000	3	1.0000	1	3	1.0000	1	0	0.0000	0
p13	48	9	off1	3	3	INIT	0.0	false	M	H	M	M	M	0.7370	0.6887	4.0531	0.0255	1.5300	2014-03-25 13:17:56.12	2014-03-25 13:18:08.6	2014-03-25 13:17:56.666	2014-03-25 13:18:07.384	2014-03-25 13:17:56.666	2014-03-25 13:17:59.677	2014-03-25 13:17:59.974	2014-03-25 13:18:01.846	2014-03-25 13:18:01.846	2014-03-25 13:18:07.384	8	11	23	1	11	14	0.2374	0.0000	0.1037	0.1137	0.1137	0.1926	0.1926	1	0.3333	0	1	0.3333	0	0	0.0000	0
p13	49	9	off1	4	4	INIT	0.0	false	H	H	H	M	M	0.7518	0.6979	10.4478	0.0179	1.0738	2014-03-25 13:18:10.644	2014-03-25 13:18:25.168	2014-03-25 13:18:11.112	2014-03-25 13:18:24.559	2014-03-25 13:18:11.112	2014-03-25 13:18:15.839	2014-03-25 13:18:16.572	2014-03-25 13:18:18.444	2014-03-25 13:18:18.444	2014-03-25 13:18:24.559	6	12	23	6	12	23	0.0000	0.0000	0.0000	0.0000	0.0000	0.0000	0.0000	3	1.0000	1	3	1.0000	1	0	0.0000	0
p13	50	10	on4	0	0	MINCROWDING	0.6	false	E	M	M	M	M	0.5892	0.4980	7.5597	0.0267	1.6011	2014-03-25 13:18:34.715	2014-03-25 13:19:01.063	2014-03-25 13:18:36.509	2014-03-25 13:18:59.737	2014-03-25 13:18:36.509	2014-03-25 13:18:49.722	2014-03-25 13:18:52.109	2014-03-25 13:18:53.981	2014-03-25 13:18:53.981	2014-03-25 13:18:59.737	6	13	24	28	27	24	0.1818	0.1388	0.0000	0.1069	0.1069	0.1934	0.1934	1	0.3333	0	1	0.3333	0	0	0.0000	0
p13	51	10	on4	1	1	MINCROWDING	0.6	false	E	M	M	M	M	0.5586	0.4701	4.5673	0.0151	0.9057	2014-03-25 13:19:06.617	2014-03-25 13:19:21.733	2014-03-25 13:19:07.256	2014-03-25 13:19:21.234	2014-03-25 13:19:07.256	2014-03-25 13:19:13.668	2014-03-25 13:19:14.089	2014-03-25 13:19:15.961	2014-03-25 13:19:15.961	2014-03-25 13:19:21.234	15	19	27	15	19	27	0.0000	0.0000	0.0000	0.0000	0.0000	0.0000	0.0000	3	1.0000	1	3	1.0000	1	0	0.0000	0
p13	52	10	on4	2	2	MINCROWDING	0.6	false	E	M	M	M	M	0.5740	0.4734	4.7336	0.0227	1.3621	2014-03-25 13:19:27.271	2014-03-25 13:19:44.79	2014-03-25 13:19:27.77	2014-03-25 13:19:43.339	2014-03-25 13:19:27.77	2014-03-25 13:19:34.525	2014-03-25 13:19:35.882	2014-03-25 13:19:37.754	2014-03-25 13:19:37.754	2014-03-25 13:19:43.339	1	13	16	1	13	26	0.0000	0.0000	0.1697	0.0566	0.0566	0.0993	0.0993	2	0.6667	0	2	0.6667	0	0	0.0000	0
p13	53	10	on4	3	3	MINCROWDING	0.6	false	E	M	E	M	M	0.5539	0.4948	3.5720	0.0264	1.5832	2014-03-25 13:19:50.328	2014-03-25 13:20:08.518	2014-03-25 13:19:51.373	2014-03-25 13:20:08.065	2014-03-25 13:19:51.373	2014-03-25 13:19:59.033	2014-03-25 13:20:00.515	2014-03-25 13:20:02.387	2014-03-25 13:20:02.387	2014-03-25 13:20:08.065	7	12	21	7	12	21	0.0000	0.0000	0.0000	0.0000	0.0000	0.0000	0.0000	3	1.0000	1	3	1.0000	1	0	0.0000	0
p13	54	10	on4	4	4	MINCROWDING	0.6	false	M	M	M	M	M	0.6318	0.5297	4.7865	0.0248	1.4851	2014-03-25 13:20:14.103	2014-03-25 13:20:28.08	2014-03-25 13:20:15.538	2014-03-25 13:20:27.612	2014-03-25 13:20:15.538	2014-03-25 13:20:20.062	2014-03-25 13:20:20.155	2014-03-25 13:20:22.043	2014-03-25 13:20:22.043	2014-03-25 13:20:27.612	1	13	27	1	13	27	0.0000	0.0000	0.0000	0.0000	0.0000	0.0000	0.0000	3	1.0000	1	3	1.0000	1	0	0.0000	0
p13	55	11	on2	0	0	YORDER	0.6	false	M	M	E	M	M	0.6553	0.5144	3.7594	0.0277	1.6604	2014-03-25 13:20:35.896	2014-03-25 13:20:53.227	2014-03-25 13:20:38.844	2014-03-25 13:20:52.853	2014-03-25 13:20:38.844	2014-03-25 13:20:46.504	2014-03-25 13:20:46.582	2014-03-25 13:20:48.454	2014-03-25 13:20:48.454	2014-03-25 13:20:52.853	4	17	27	4	17	27	0.0000	0.0000	0.0000	0.0000	0.0000	0.0000	0.0000	3	1.0000	1	3	1.0000	1	0	0.0000	0
p13	56	11	on2	1	1	YORDER	0.6	false	E	E	M	M	M	0.6245	0.4543	6.1809	0.0116	0.6953	2014-03-25 13:20:55.302	2014-03-25 13:21:11.121	2014-03-25 13:20:56.191	2014-03-25 13:21:10.231	2014-03-25 13:20:56.191	2014-03-25 13:21:02.463	2014-03-25 13:21:02.572	2014-03-25 13:21:04.444	2014-03-25 13:21:04.444	2014-03-25 13:21:10.231	11	24	28	11	24	28	0.0000	0.1251	0.1251	0.0834	0.0000	0.1445	0.0000	3	1.0000	1	1	0.3333	0	2	0.6667	1
p13	57	11	on2	2	2	YORDER	0.6	false	M	M	E	E	E	0.6398	0.5028	3.4764	0.0084	0.5058	2014-03-25 13:21:13.164	2014-03-25 13:21:26.799	2014-03-25 13:21:13.897	2014-03-25 13:21:26.377	2014-03-25 13:21:13.897	2014-03-25 13:21:20.122	2014-03-25 13:21:20.215	2014-03-25 13:21:22.087	2014-03-25 13:21:22.087	2014-03-25 13:21:26.377	7	13	20	7	13	20	0.0000	0.0000	0.0000	0.0000	0.0000	0.0000	0.0000	3	1.0000	1	3	1.0000	1	0	0.0000	0
p13	58	11	on2	3	3	YORDER	0.6	false	M	M	M	H	H	0.6514	0.4949	5.9523	0.0316	1.8970	2014-03-25 13:21:28.842	2014-03-25 13:21:43.35	2014-03-25 13:21:29.794	2014-03-25 13:21:42.804	2014-03-25 13:21:29.794	2014-03-25 13:21:35.816	2014-03-25 13:21:35.909	2014-03-25 13:21:37.781	2014-03-25 13:21:37.781	2014-03-25 13:21:42.804	2	16	25	2	16	25	0.0000	0.0000	0.0000	0.0000	0.0000	0.0000	0.0000	3	1.0000	1	3	1.0000	1	0	0.0000	0
p13	59	11	on2	4	4	YORDER	0.6	false	M	E	M	M	M	0.6441	0.4270	4.4540	0.0117	0.7047	2014-03-25 13:21:45.41	2014-03-25 13:22:02.445	2014-03-25 13:21:45.878	2014-03-25 13:22:01.275	2014-03-25 13:21:45.878	2014-03-25 13:21:54.083	2014-03-25 13:21:54.255	2014-03-25 13:21:56.127	2014-03-25 13:21:56.127	2014-03-25 13:22:01.275	0	5	14	0	5	14	0.1201	0.0000	0.1201	0.0801	0.0000	0.1303	0.0000	3	1.0000	1	1	0.3333	0	2	0.6667	1
p13	60	12	on8	0	0	MINCROWDING	0.6	false	E	E	M	M	M	0.5748	0.4480	6.1231	0.0274	1.6442	2014-03-25 13:22:13.817	2014-03-25 13:22:28.216	2014-03-25 13:22:15.252	2014-03-25 13:22:27.623	2014-03-25 13:22:15.252	2014-03-25 13:22:20.634	2014-03-25 13:22:21.04	2014-03-25 13:22:22.912	2014-03-25 13:22:22.912	2014-03-25 13:22:27.623	8	17	21	8	17	21	0.0000	0.0000	0.0000	0.0000	0.0000	0.0000	0.0000	3	1.0000	1	3	1.0000	1	0	0.0000	0
p13	61	12	on8	1	1	MINCROWDING	0.6	false	E	M	M	H	H	0.5755	0.4834	6.5909	0.0300	1.7979	2014-03-25 13:22:33.754	2014-03-25 13:22:50.711	2014-03-25 13:22:35.392	2014-03-25 13:22:49.728	2014-03-25 13:22:35.392	2014-03-25 13:22:42.864	2014-03-25 13:22:42.974	2014-03-25 13:22:44.846	2014-03-25 13:22:44.846	2014-03-25 13:22:49.728	1	4	25	1	4	25	0.0000	0.0000	0.0000	0.0000	0.0000	0.0000	0.0000	3	1.0000	1	3	1.0000	1	0	0.0000	0
p13	62	12	on8	2	2	MINCROWDING	0.6	false	E	E	E	H	H	0.5843	0.4559	3.2531	0.0335	2.0129	2014-03-25 13:22:56.249	2014-03-25 13:23:11.849	2014-03-25 13:22:56.764	2014-03-25 13:23:11.272	2014-03-25 13:22:56.764	2014-03-25 13:23:04.782	2014-03-25 13:23:05.001	2014-03-25 13:23:06.873	2014-03-25 13:23:06.873	2014-03-25 13:23:11.272	10	16	26	10	16	26	0.0000	0.0000	0.0000	0.0000	0.0000	0.0000	0.0000	3	1.0000	1	3	1.0000	1	0	0.0000	0
p13	63	12	on8	3	3	MINCROWDING	0.6	false	E	M	M	M	M	0.5994	0.5185	4.3071	0.0225	1.3519	2014-03-25 13:23:17.387	2014-03-25 13:23:30.164	2014-03-25 13:23:17.902	2014-03-25 13:23:29.696	2014-03-25 13:23:17.902	2014-03-25 13:23:22.816	2014-03-25 13:23:22.925	2014-03-25 13:23:24.797	2014-03-25 13:23:24.797	2014-03-25 13:23:29.696	8	15	29	8	15	29	0.0000	0.0000	0.0000	0.0000	0.0000	0.0000	0.0000	3	1.0000	1	3	1.0000	1	0	0.0000	0
p13	64	12	on8	4	4	MINCROWDING	0.6	false	E	M	M	M	M	0.6035	0.5045	7.1846	0.0218	1.3056	2014-03-25 13:23:35.78	2014-03-25 13:23:52.363	2014-03-25 13:23:36.31	2014-03-25 13:23:51.52	2014-03-25 13:23:36.31	2014-03-25 13:23:42.675	2014-03-25 13:23:42.831	2014-03-25 13:23:44.703	2014-03-25 13:23:44.703	2014-03-25 13:23:51.52	13	21	24	13	21	24	0.0000	0.0000	0.0000	0.0000	0.0000	0.0000	0.0000	3	1.0000	1	3	1.0000	1	0	0.0000	0
p13	65	13	off5	0	0	INIT	0.0	false	M	H	M	M	M	0.6604	0.6538	4.5460	0.0236	1.4182	2014-03-25 13:23:59.648	2014-03-25 13:24:14.515	2014-03-25 13:24:01.535	2014-03-25 13:24:14.078	2014-03-25 13:24:01.535	2014-03-25 13:24:07.105	2014-03-25 13:24:07.245	2014-03-25 13:24:09.117	2014-03-25 13:24:09.117	2014-03-25 13:24:14.078	0	5	19	0	5	19	0.0000	0.0000	0.0000	0.0000	0.0000	0.0000	0.0000	3	1.0000	1	3	1.0000	1	0	0.0000	0
p13	66	13	off5	1	1	INIT	0.0	false	M	M	M	E	E	0.6720	0.5680	8.3336	0.0107	0.6405	2014-03-25 13:24:16.558	2014-03-25 13:24:29.054	2014-03-25 13:24:17.057	2014-03-25 13:24:28.071	2014-03-25 13:24:17.057	2014-03-25 13:24:21.02	2014-03-25 13:24:21.457	2014-03-25 13:24:23.329	2014-03-25 13:24:23.329	2014-03-25 13:24:28.071	0	13	19	0	13	19	0.0962	0.0962	0.0000	0.0642	0.0000	0.1221	0.0000	3	1.0000	1	1	0.3333	0	2	0.6667	1
p13	67	13	off5	2	2	INIT	0.0	false	H	H	M	M	M	0.7833	0.6246	8.7913	0.0159	0.9535	2014-03-25 13:24:31.097	2014-03-25 13:24:43.078	2014-03-25 13:24:31.659	2014-03-25 13:24:42.095	2014-03-25 13:24:31.659	2014-03-25 13:24:35.029	2014-03-25 13:24:35.309	2014-03-25 13:24:37.181	2014-03-25 13:24:37.181	2014-03-25 13:24:42.095	3	16	25	3	16	4	0.0000	0.0000	0.1855	0.0618	0.0618	0.1133	0.1133	2	0.6667	0	2	0.6667	0	0	0.0000	0
p13	68	13	off5	3	3	INIT	0.0	false	H	H	M	M	M	0.7794	0.6775	4.8567	0.0273	1.6389	2014-03-25 13:24:45.137	2014-03-25 13:24:59.099	2014-03-25 13:24:45.512	2014-03-25 13:24:58.631	2014-03-25 13:24:45.512	2014-03-25 13:24:52.142	2014-03-25 13:24:52.906	2014-03-25 13:24:54.778	2014-03-25 13:24:54.778	2014-03-25 13:24:58.631	3	19	27	3	19	27	0.0000	0.0000	0.0000	0.0000	0.0000	0.0000	0.0000	3	1.0000	1	3	1.0000	1	0	0.0000	0
p13	69	13	off5	4	4	INIT	0.0	false	H	H	M	H	M	0.7997	0.7264	9.1679	0.0290	1.7425	2014-03-25 13:25:01.159	2014-03-25 13:25:13.857	2014-03-25 13:25:01.673	2014-03-25 13:25:13.358	2014-03-25 13:25:01.673	2014-03-25 13:25:05.386	2014-03-25 13:25:05.527	2014-03-25 13:25:07.399	2014-03-25 13:25:07.399	2014-03-25 13:25:13.358	3	5	20	3	5	20	0.0000	0.0000	0.0000	0.0000	0.0000	0.0000	0.0000	3	1.0000	1	3	1.0000	1	0	0.0000	0
p13	70	14	on6	0	0	YORDER	0.6	false	M	M	E	M	M	0.6360	0.5076	3.5642	0.0149	0.8929	2014-03-25 13:25:21.049	2014-03-25 13:25:36.446	2014-03-25 13:25:23.233	2014-03-25 13:25:35.947	2014-03-25 13:25:23.233	2014-03-25 13:25:28.381	2014-03-25 13:25:28.724	2014-03-25 13:25:30.596	2014-03-25 13:25:30.596	2014-03-25 13:25:35.947	18	25	28	18	25	28	0.0000	0.0000	0.0000	0.0000	0.0000	0.0000	0.0000	3	1.0000	1	3	1.0000	1	0	0.0000	0
p13	71	14	on6	1	1	YORDER	0.6	false	E	M	M	M	M	0.6289	0.4926	6.7027	0.0250	1.4983	2014-03-25 13:25:38.505	2014-03-25 13:25:49.425	2014-03-25 13:25:38.911	2014-03-25 13:25:49.035	2014-03-25 13:25:38.911	2014-03-25 13:25:42.468	2014-03-25 13:25:42.639	2014-03-25 13:25:44.511	2014-03-25 13:25:44.511	2014-03-25 13:25:49.035	20	23	26	20	23	26	0.0000	0.0000	0.0000	0.0000	0.0000	0.0000	0.0000	3	1.0000	1	3	1.0000	1	0	0.0000	0
p13	72	14	on6	2	2	YORDER	0.6	false	E	M	M	M	M	0.6039	0.5322	5.6772	0.0168	1.0078	2014-03-25 13:25:51.469	2014-03-25 13:26:04.76	2014-03-25 13:25:51.89	2014-03-25 13:26:04.23	2014-03-25 13:25:51.89	2014-03-25 13:25:56.461	2014-03-25 13:25:56.601	2014-03-25 13:25:58.473	2014-03-25 13:25:58.473	2014-03-25 13:26:04.23	10	19	25	10	19	25	0.0000	0.0000	0.0000	0.0000	0.0000	0.0000	0.0000	3	1.0000	1	3	1.0000	1	0	0.0000	0
p13	73	14	on6	3	3	YORDER	0.6	false	E	M	M	M	M	0.5928	0.5257	4.9074	0.0264	1.5840	2014-03-25 13:26:06.804	2014-03-25 13:26:18.784	2014-03-25 13:26:07.24	2014-03-25 13:26:18.238	2014-03-25 13:26:07.24	2014-03-25 13:26:11.718	2014-03-25 13:26:11.998	2014-03-25 13:26:13.87	2014-03-25 13:26:13.87	2014-03-25 13:26:18.238	3	25	29	3	25	29	0.0000	0.0000	0.0000	0.0000	0.0000	0.0000	0.0000	3	1.0000	1	3	1.0000	1	0	0.0000	0
p13	74	14	on6	4	4	YORDER	0.6	false	E	M	M	M	M	0.6184	0.4893	7.6393	0.0245	1.4689	2014-03-25 13:26:20.828	2014-03-25 13:26:33.074	2014-03-25 13:26:21.265	2014-03-25 13:26:32.419	2014-03-25 13:26:21.265	2014-03-25 13:26:25.383	2014-03-25 13:26:25.524	2014-03-25 13:26:27.396	2014-03-25 13:26:27.396	2014-03-25 13:26:32.419	13	17	19	21	17	19	0.1277	0.0000	0.0000	0.0426	0.0426	0.0731	0.0731	2	0.6667	0	2	0.6667	0	0	0.0000	0
p13	75	15	off8	0	0	INIT	0.0	false	M	H	M	H	H	0.7322	0.6857	6.2809	0.0324	1.9435	2014-03-25 13:26:41.56	2014-03-25 13:26:56.708	2014-03-25 13:26:43.074	2014-03-25 13:26:56.318	2014-03-25 13:26:43.074	2014-03-25 13:26:49.501	2014-03-25 13:26:49.766	2014-03-25 13:26:51.638	2014-03-25 13:26:51.638	2014-03-25 13:26:56.318	8	17	21	8	17	21	0.0000	0.0000	0.0000	0.0000	0.0000	0.0000	0.0000	3	1.0000	1	3	1.0000	1	0	0.0000	0
p13	76	15	off8	1	1	INIT	0.0	false	M	H	M	H	H	0.7166	0.7019	6.8706	0.0310	1.8580	2014-03-25 13:26:58.767	2014-03-25 13:27:09.999	2014-03-25 13:26:59.204	2014-03-25 13:27:09.578	2014-03-25 13:26:59.204	2014-03-25 13:27:03.322	2014-03-25 13:27:03.619	2014-03-25 13:27:05.491	2014-03-25 13:27:05.491	2014-03-25 13:27:09.578	1	4	25	1	4	25	0.0000	0.0000	0.0000	0.0000	0.0000	0.0000	0.0000	3	1.0000	1	3	1.0000	1	0	0.0000	0
p13	77	15	off8	2	2	INIT	0.0	false	H	H	E	H	H	0.7517	0.6731	3.8407	0.0339	2.0350	2014-03-25 13:27:12.043	2014-03-25 13:27:22.261	2014-03-25 13:27:12.558	2014-03-25 13:27:21.84	2014-03-25 13:27:12.558	2014-03-25 13:27:15.335	2014-03-25 13:27:15.865	2014-03-25 13:27:17.737	2014-03-25 13:27:17.737	2014-03-25 13:27:21.84	10	16	26	10	16	26	0.0000	0.0000	0.0000	0.0000	0.0000	0.0000	0.0000	3	1.0000	1	3	1.0000	1	0	0.0000	0
p13	78	15	off8	3	3	INIT	0.0	false	H	H	M	M	M	0.7433	0.7335	4.6963	0.0233	1.3984	2014-03-25 13:27:24.305	2014-03-25 13:27:35.505	2014-03-25 13:27:24.71	2014-03-25 13:27:35.069	2014-03-25 13:27:24.71	2014-03-25 13:27:28.329	2014-03-25 13:27:28.532	2014-03-25 13:27:30.404	2014-03-25 13:27:30.404	2014-03-25 13:27:35.069	8	15	29	8	15	29	0.0000	0.0000	0.0000	0.0000	0.0000	0.0000	0.0000	3	1.0000	1	3	1.0000	1	0	0.0000	0
p13	79	15	off8	4	4	INIT	0.0	false	M	H	M	M	M	0.7338	0.7129	7.5308	0.0239	1.4365	2014-03-25 13:27:37.549	2014-03-25 13:27:57.548	2014-03-25 13:27:37.97	2014-03-25 13:27:54.381	2014-03-25 13:27:37.97	2014-03-25 13:27:43.898	2014-03-25 13:27:43.976	2014-03-25 13:27:45.848	2014-03-25 13:27:45.848	2014-03-25 13:27:54.381	13	21	24	1	0	24	0.2147	0.1386	0.0000	0.1178	0.1178	0.2340	0.2340	1	0.3333	0	1	0.3333	0	0	0.0000	0
p13	80	16	on7	0	0	MINCROWDING	0.2	false	E	M	M	M	M	0.5474	0.4905	7.3033	0.0263	1.5776	2014-03-25 13:28:05.925	2014-03-25 13:28:21.245	2014-03-25 13:28:08.047	2014-03-25 13:28:20.839	2014-03-25 13:28:08.047	2014-03-25 13:28:14.802	2014-03-25 13:28:15.005	2014-03-25 13:28:16.877	2014-03-25 13:28:16.877	2014-03-25 13:28:20.839	14	21	23	14	21	23	0.0000	0.0000	0.0000	0.0000	0.0000	0.0000	0.0000	3	1.0000	1	3	1.0000	1	0	0.0000	0
p13	81	16	on7	1	1	MINCROWDING	0.2	false	E	M	E	M	M	0.5575	0.4773	3.6039	0.0131	0.7855	2014-03-25 13:28:26.018	2014-03-25 13:28:37.734	2014-03-25 13:28:26.486	2014-03-25 13:28:37.328	2014-03-25 13:28:26.486	2014-03-25 13:28:31.057	2014-03-25 13:28:31.556	2014-03-25 13:28:33.428	2014-03-25 13:28:33.428	2014-03-25 13:28:37.328	0	16	17	0	16	17	0.0000	0.0000	0.0000	0.0000	0.0000	0.0000	0.0000	3	1.0000	1	3	1.0000	1	0	0.0000	0
p13	82	16	on7	2	2	MINCROWDING	0.2	false	E	M	M	H	H	0.5889	0.5010	4.2038	0.0302	1.8103	2014-03-25 13:28:42.492	2014-03-25 13:28:54.551	2014-03-25 13:28:42.851	2014-03-25 13:28:52.741	2014-03-25 13:28:42.851	2014-03-25 13:28:46.891	2014-03-25 13:28:47.016	2014-03-25 13:28:48.888	2014-03-25 13:28:48.888	2014-03-25 13:28:52.741	12	14	19	12	14	19	0.0000	0.5403	0.5403	0.3602	0.0000	0.6783	0.0000	3	1.0000	1	1	0.3333	0	2	0.6667	1
p13	83	16	on7	3	3	MINCROWDING	0.2	false	E	M	M	M	M	0.5487	0.5021	6.3355	0.0269	1.6146	2014-03-25 13:28:59.309	2014-03-25 13:29:11.586	2014-03-25 13:28:59.699	2014-03-25 13:29:10.494	2014-03-25 13:28:59.699	2014-03-25 13:29:03.817	2014-03-25 13:29:04.035	2014-03-25 13:29:05.907	2014-03-25 13:29:05.907	2014-03-25 13:29:10.494	0	11	29	0	11	29	0.5496	0.5496	0.0000	0.3664	0.0000	0.7133	0.0000	3	1.0000	1	1	0.3333	0	2	0.6667	1
p13	84	16	on7	4	4	MINCROWDING	0.2	false	E	E	M	M	M	0.5851	0.4458	6.2071	0.0181	1.0868	2014-03-25 13:29:16.375	2014-03-25 13:29:30.056	2014-03-25 13:29:16.765	2014-03-25 13:29:29.526	2014-03-25 13:29:16.765	2014-03-25 13:29:22.646	2014-03-25 13:29:22.943	2014-03-25 13:29:24.815	2014-03-25 13:29:24.815	2014-03-25 13:29:29.526	9	17	29	9	17	29	0.0000	0.0000	0.0000	0.0000	0.0000	0.0000	0.0000	3	1.0000	1	3	1.0000	1	0	0.0000	0
p13	85	17	off7	0	0	INIT	0.0	false	M	H	M	M	M	0.6792	0.6842	8.2267	0.0273	1.6355	2014-03-25 13:29:36.265	2014-03-25 13:29:55.297	2014-03-25 13:29:43.55	2014-03-25 13:29:54.268	2014-03-25 13:29:43.55	2014-03-25 13:29:47.903	2014-03-25 13:29:48.152	2014-03-25 13:29:50.024	2014-03-25 13:29:50.024	2014-03-25 13:29:54.268	14	21	23	17	21	23	0.0919	0.0000	0.0000	0.0306	0.0306	0.0581	0.0581	2	0.6667	0	2	0.6667	0	0	0.0000	0
p13	86	17	off7	1	1	INIT	0.0	false	M	H	E	M	M	0.7039	0.6565	3.9635	0.0146	0.8759	2014-03-25 13:29:57.356	2014-03-25 13:30:07.793	2014-03-25 13:29:57.824	2014-03-25 13:30:07.387	2014-03-25 13:29:57.824	2014-03-25 13:30:00.944	2014-03-25 13:30:01.428	2014-03-25 13:30:03.3	2014-03-25 13:30:03.3	2014-03-25 13:30:07.387	0	16	17	0	16	17	0.0000	0.0000	0.0000	0.0000	0.0000	0.0000	0.0000	3	1.0000	1	3	1.0000	1	0	0.0000	0
p13	87	17	off7	2	2	INIT	0.0	false	M	H	M	H	H	0.7242	0.6779	4.3748	0.0317	1.9046	2014-03-25 13:30:09.836	2014-03-25 13:30:21.302	2014-03-25 13:30:10.414	2014-03-25 13:30:20.912	2014-03-25 13:30:10.414	2014-03-25 13:30:15.374	2014-03-25 13:30:15.624	2014-03-25 13:30:17.496	2014-03-25 13:30:17.496	2014-03-25 13:30:20.912	12	14	19	12	14	19	0.0000	0.0000	0.0000	0.0000	0.0000	0.0000	0.0000	3	1.0000	1	3	1.0000	1	0	0.0000	0
p13	88	17	off7	3	3	INIT	0.0	false	M	H	M	M	M	0.7191	0.6699	6.5863	0.0276	1.6574	2014-03-25 13:30:23.346	2014-03-25 13:30:36.778	2014-03-25 13:30:23.845	2014-03-25 13:30:36.216	2014-03-25 13:30:23.845	2014-03-25 13:30:27.792	2014-03-25 13:30:28.151	2014-03-25 13:30:30.023	2014-03-25 13:30:30.023	2014-03-25 13:30:36.216	0	11	29	0	11	29	0.5496	0.5496	0.0000	0.3664	0.0000	0.7146	0.0000	3	1.0000	1	1	0.3333	0	2	0.6667	1
p13	89	17	off7	4	4	INIT	0.0	false	M	H	M	M	M	0.7075	0.6133	6.3625	0.0195	1.1722	2014-03-25 13:30:38.837	2014-03-25 13:30:51.145	2014-03-25 13:30:39.274	2014-03-25 13:30:50.677	2014-03-25 13:30:39.274	2014-03-25 13:30:44.39	2014-03-25 13:30:44.624	2014-03-25 13:30:46.496	2014-03-25 13:30:46.496	2014-03-25 13:30:50.677	9	17	29	9	17	29	0.0000	0.0000	0.0000	0.0000	0.0000	0.0000	0.0000	3	1.0000	1	3	1.0000	1	0	0.0000	0
p13	90	18	on3	0	0	MINCROWDING	0.2	false	E	M	M	M	M	0.5574	0.4898	8.3226	0.0247	1.4833	2014-03-25 13:30:57.931	2014-03-25 13:31:15.279	2014-03-25 13:30:58.805	2014-03-25 13:31:12.471	2014-03-25 13:30:58.805	2014-03-25 13:31:04.733	2014-03-25 13:31:04.889	2014-03-25 13:31:06.761	2014-03-25 13:31:06.761	2014-03-25 13:31:12.471	1	24	25	1	3	15	0.0000	0.3818	0.1420	0.1746	0.1746	0.3432	0.3432	1	0.3333	0	1	0.3333	0	0	0.0000	0
p13	91	18	on3	1	1	MINCROWDING	0.2	false	E	E	M	M	M	0.6179	0.4574	6.0033	0.0181	1.0849	2014-03-25 13:31:20.068	2014-03-25 13:31:33.219	2014-03-25 13:31:20.458	2014-03-25 13:31:32.719	2014-03-25 13:31:20.458	2014-03-25 13:31:25.762	2014-03-25 13:31:26.433	2014-03-25 13:31:28.305	2014-03-25 13:31:28.305	2014-03-25 13:31:32.719	17	23	24	17	23	24	0.0000	0.0000	0.0000	0.0000	0.0000	0.0000	0.0000	3	1.0000	1	3	1.0000	1	0	0.0000	0
p13	92	18	on3	2	2	MINCROWDING	0.2	false	E	M	M	M	M	0.5606	0.5649	6.6054	0.0233	1.3972	2014-03-25 13:31:37.977	2014-03-25 13:31:50.16	2014-03-25 13:31:38.335	2014-03-25 13:31:49.209	2014-03-25 13:31:38.335	2014-03-25 13:31:42.173	2014-03-25 13:31:42.454	2014-03-25 13:31:44.326	2014-03-25 13:31:44.326	2014-03-25 13:31:49.209	8	17	23	8	25	23	0.0000	0.0809	0.0000	0.0270	0.0270	0.0517	0.0517	2	0.6667	0	2	0.6667	0	0	0.0000	0
p13	93	18	on3	3	3	MINCROWDING	0.2	false	E	M	M	M	M	0.5641	0.5164	4.4750	0.0169	1.0117	2014-03-25 13:31:54.918	2014-03-25 13:32:05.027	2014-03-25 13:31:55.339	2014-03-25 13:32:04.621	2014-03-25 13:31:55.339	2014-03-25 13:31:58.101	2014-03-25 13:31:58.428	2014-03-25 13:32:00.3	2014-03-25 13:32:00.3	2014-03-25 13:32:04.621	8	18	28	8	18	28	0.0000	0.0000	0.0000	0.0000	0.0000	0.0000	0.0000	3	1.0000	1	3	1.0000	1	0	0.0000	0
p13	94	18	on3	4	4	MINCROWDING	0.2	false	E	E	M	M	M	0.5313	0.4426	6.0005	0.0124	0.7432	2014-03-25 13:32:09.801	2014-03-25 13:32:22.015	2014-03-25 13:32:10.393	2014-03-25 13:32:21.532	2014-03-25 13:32:10.393	2014-03-25 13:32:12.765	2014-03-25 13:32:12.952	2014-03-25 13:32:14.824	2014-03-25 13:32:14.824	2014-03-25 13:32:21.532	5	14	22	5	14	22	0.0000	0.0000	0.0000	0.0000	0.0000	0.0000	0.0000	3	1.0000	1	3	1.0000	1	0	0.0000	0
p13	95	19	on5	0	0	YORDER	0.2	false	E	M	M	M	M	0.5247	0.5355	4.5288	0.0201	1.2042	2014-03-25 13:32:27.694	2014-03-25 13:32:38.068	2014-03-25 13:32:29.129	2014-03-25 13:32:37.678	2014-03-25 13:32:29.129	2014-03-25 13:32:32.015	2014-03-25 13:32:32.202	2014-03-25 13:32:34.074	2014-03-25 13:32:34.074	2014-03-25 13:32:37.678	0	5	19	0	5	19	0.0000	0.0000	0.0000	0.0000	0.0000	0.0000	0.0000	3	1.0000	1	3	1.0000	1	0	0.0000	0
p13	96	19	on5	1	1	YORDER	0.2	false	E	E	M	E	E	0.6234	0.4591	8.2874	0.0093	0.5589	2014-03-25 13:32:40.111	2014-03-25 13:32:50.595	2014-03-25 13:32:40.704	2014-03-25 13:32:50.111	2014-03-25 13:32:40.704	2014-03-25 13:32:43.325	2014-03-25 13:32:43.512	2014-03-25 13:32:45.384	2014-03-25 13:32:45.384	2014-03-25 13:32:50.111	0	13	19	0	13	19	0.0000	0.0000	0.0000	0.0000	0.0000	0.0000	0.0000	3	1.0000	1	3	1.0000	1	0	0.0000	0
p13	97	19	on5	2	2	YORDER	0.2	false	M	M	M	M	M	0.6876	0.5188	7.9219	0.0151	0.9047	2014-03-25 13:32:52.638	2014-03-25 13:33:02.513	2014-03-25 13:32:53.247	2014-03-25 13:33:01.92	2014-03-25 13:32:53.247	2014-03-25 13:32:55.93	2014-03-25 13:32:56.07	2014-03-25 13:32:57.942	2014-03-25 13:32:57.942	2014-03-25 13:33:01.92	3	16	25	3	16	25	0.0000	0.0000	0.0000	0.0000	0.0000	0.0000	0.0000	3	1.0000	1	3	1.0000	1	0	0.0000	0
p13	98	19	on5	3	3	YORDER	0.2	false	M	M	M	M	M	0.6946	0.5719	4.7909	0.0272	1.6344	2014-03-25 13:33:04.572	2014-03-25 13:33:14.822	2014-03-25 13:33:04.9	2014-03-25 13:33:14.385	2014-03-25 13:33:04.9	2014-03-25 13:33:08.129	2014-03-25 13:33:08.254	2014-03-25 13:33:10.126	2014-03-25 13:33:10.126	2014-03-25 13:33:14.385	3	19	27	3	19	27	0.0000	0.0000	0.0000	0.0000	0.0000	0.0000	0.0000	3	1.0000	1	3	1.0000	1	0	0.0000	0
p13	99	19	on5	4	4	YORDER	0.2	false	M	H	M	M	M	0.6605	0.6243	9.0314	0.0290	1.7387	2014-03-25 13:33:16.865	2014-03-25 13:33:30.858	2014-03-25 13:33:17.318	2014-03-25 13:33:27.77	2014-03-25 13:33:17.318	2014-03-25 13:33:20.828	2014-03-25 13:33:20.999	2014-03-25 13:33:22.871	2014-03-25 13:33:22.871	2014-03-25 13:33:27.77	3	5	20	3	7	20	0.0000	0.5313	0.4637	0.3317	0.0393	0.5799	0.0687	2	0.6667	0	1	0.3333	0	1	0.3333	1
p13	100	20	on1	0	0	YORDER	0.2	false	E	M	M	M	M	0.5942	0.5258	4.0375	0.0113	0.6756	2014-03-25 13:33:38.487	2014-03-25 13:33:48.518	2014-03-25 13:33:39.423	2014-03-25 13:33:48.143	2014-03-25 13:33:39.423	2014-03-25 13:33:41.997	2014-03-25 13:33:42.153	2014-03-25 13:33:44.025	2014-03-25 13:33:44.025	2014-03-25 13:33:48.143	1	5	21	1	5	21	0.0000	0.0000	0.0000	0.0000	0.0000	0.0000	0.0000	3	1.0000	1	3	1.0000	1	0	0.0000	0
p13	101	20	on1	1	1	YORDER	0.2	false	E	M	M	M	M	0.5818	0.4752	5.9247	0.0245	1.4705	2014-03-25 13:33:50.561	2014-03-25 13:34:00.966	2014-03-25 13:33:51.138	2014-03-25 13:34:00.576	2014-03-25 13:33:51.138	2014-03-25 13:33:54.321	2014-03-25 13:33:54.477	2014-03-25 13:33:56.349	2014-03-25 13:33:56.349	2014-03-25 13:34:00.576	11	19	22	11	19	22	0.0000	0.0000	0.0000	0.0000	0.0000	0.0000	0.0000	3	1.0000	1	3	1.0000	1	0	0.0000	0
p13	102	20	on1	2	2	YORDER	0.2	false	E	M	M	H	H	0.6055	0.5233	5.9241	0.0298	1.7880	2014-03-25 13:34:03.026	2014-03-25 13:34:17.019	2014-03-25 13:34:03.509	2014-03-25 13:34:16.301	2014-03-25 13:34:03.509	2014-03-25 13:34:07.16	2014-03-25 13:34:07.347	2014-03-25 13:34:09.219	2014-03-25 13:34:09.219	2014-03-25 13:34:16.301	4	8	23	4	8	23	0.0000	0.0000	0.0000	0.0000	0.0000	0.0000	0.0000	3	1.0000	1	3	1.0000	1	0	0.0000	0
p13	103	20	on1	3	3	YORDER	0.2	false	M	M	E	M	M	0.6358	0.5826	3.9583	0.0249	1.4942	2014-03-25 13:34:19.062	2014-03-25 13:34:30.513	2014-03-25 13:34:19.671	2014-03-25 13:34:29.748	2014-03-25 13:34:19.671	2014-03-25 13:34:23.165	2014-03-25 13:34:23.274	2014-03-25 13:34:25.146	2014-03-25 13:34:25.146	2014-03-25 13:34:29.748	8	11	23	8	11	23	0.0000	0.5146	0.5146	0.3431	0.0000	0.5810	0.0000	3	1.0000	1	1	0.3333	0	2	0.6667	1
p13	104	20	on1	4	4	YORDER	0.2	false	M	M	H	M	M	0.6639	0.5921	10.4465	0.0176	1.0532	2014-03-25 13:34:32.556	2014-03-25 13:34:45.38	2014-03-25 13:34:33.024	2014-03-25 13:34:44.584	2014-03-25 13:34:33.024	2014-03-25 13:34:37.361	2014-03-25 13:34:37.502	2014-03-25 13:34:39.374	2014-03-25 13:34:39.374	2014-03-25 13:34:44.584	6	12	23	3	12	23	0.1058	0.0000	0.0000	0.0353	0.0353	0.0642	0.0642	2	0.6667	0	2	0.6667	0	0	0.0000	0
